model,pr_auc,roc_auc
LogReg,0.6571362699852681,0.9604744852453475
RF,0.8404065300323517,0.9729991809839571
